{
  "HTTP Request2" : {
    "transaction" : "HTTP Request2",
    "sampleCount" : 1,
    "errorCount" : 0,
    "errorPct" : 0.0,
    "meanResTime" : 470.0,
    "medianResTime" : 470.0,
    "minResTime" : 470.0,
    "maxResTime" : 470.0,
    "pct1ResTime" : 470.0,
    "pct2ResTime" : 470.0,
    "pct3ResTime" : 470.0,
    "throughput" : 2.127659574468085,
    "receivedKBytesPerSec" : 95.46417885638299,
    "sentKBytesPerSec" : 2.0279255319148937
  },
  "HTTP Request1" : {
    "transaction" : "HTTP Request1",
    "sampleCount" : 1,
    "errorCount" : 0,
    "errorPct" : 0.0,
    "meanResTime" : 882.0,
    "medianResTime" : 882.0,
    "minResTime" : 882.0,
    "maxResTime" : 882.0,
    "pct1ResTime" : 882.0,
    "pct2ResTime" : 882.0,
    "pct3ResTime" : 882.0,
    "throughput" : 1.1337868480725624,
    "receivedKBytesPerSec" : 121.72154017857143,
    "sentKBytesPerSec" : 0.7573341836734694
  },
  "HTTP Request2-1" : {
    "transaction" : "HTTP Request2-1",
    "sampleCount" : 1,
    "errorCount" : 0,
    "errorPct" : 0.0,
    "meanResTime" : 412.0,
    "medianResTime" : 412.0,
    "minResTime" : 412.0,
    "maxResTime" : 412.0,
    "pct1ResTime" : 412.0,
    "pct2ResTime" : 412.0,
    "pct3ResTime" : 412.0,
    "throughput" : 2.4271844660194173,
    "receivedKBytesPerSec" : 106.88381750606797,
    "sentKBytesPerSec" : 1.1732971783980584
  },
  "HTTP Request3-0" : {
    "transaction" : "HTTP Request3-0",
    "sampleCount" : 1,
    "errorCount" : 0,
    "errorPct" : 0.0,
    "meanResTime" : 57.0,
    "medianResTime" : 57.0,
    "minResTime" : 57.0,
    "maxResTime" : 57.0,
    "pct1ResTime" : 57.0,
    "pct2ResTime" : 57.0,
    "pct3ResTime" : 57.0,
    "throughput" : 17.543859649122805,
    "receivedKBytesPerSec" : 15.179550438596491,
    "sentKBytesPerSec" : 8.823327850877194
  },
  "HTTP Request4" : {
    "transaction" : "HTTP Request4",
    "sampleCount" : 1,
    "errorCount" : 0,
    "errorPct" : 0.0,
    "meanResTime" : 230.0,
    "medianResTime" : 230.0,
    "minResTime" : 230.0,
    "maxResTime" : 230.0,
    "pct1ResTime" : 230.0,
    "pct2ResTime" : 230.0,
    "pct3ResTime" : 230.0,
    "throughput" : 4.3478260869565215,
    "receivedKBytesPerSec" : 1802.3734714673913,
    "sentKBytesPerSec" : 3.2438858695652173
  },
  "HTTP Request1-1" : {
    "transaction" : "HTTP Request1-1",
    "sampleCount" : 1,
    "errorCount" : 0,
    "errorPct" : 0.0,
    "meanResTime" : 361.0,
    "medianResTime" : 361.0,
    "minResTime" : 361.0,
    "maxResTime" : 361.0,
    "pct1ResTime" : 361.0,
    "pct2ResTime" : 361.0,
    "pct3ResTime" : 361.0,
    "throughput" : 2.770083102493075,
    "receivedKBytesPerSec" : 294.59455072714684,
    "sentKBytesPerSec" : 0.9873831371191136
  },
  "HTTP Request2-0" : {
    "transaction" : "HTTP Request2-0",
    "sampleCount" : 1,
    "errorCount" : 0,
    "errorPct" : 0.0,
    "meanResTime" : 57.0,
    "medianResTime" : 57.0,
    "minResTime" : 57.0,
    "maxResTime" : 57.0,
    "pct1ResTime" : 57.0,
    "pct2ResTime" : 57.0,
    "pct3ResTime" : 57.0,
    "throughput" : 17.543859649122805,
    "receivedKBytesPerSec" : 14.59703947368421,
    "sentKBytesPerSec" : 8.240816885964913
  },
  "HTTP Request3" : {
    "transaction" : "HTTP Request3",
    "sampleCount" : 1,
    "errorCount" : 0,
    "errorPct" : 0.0,
    "meanResTime" : 829.0,
    "medianResTime" : 829.0,
    "minResTime" : 829.0,
    "maxResTime" : 829.0,
    "pct1ResTime" : 829.0,
    "pct2ResTime" : 829.0,
    "pct3ResTime" : 829.0,
    "throughput" : 1.2062726176115801,
    "receivedKBytesPerSec" : 146.90374321471654,
    "sentKBytesPerSec" : 1.2298326296743065
  },
  "HTTP Request1-0" : {
    "transaction" : "HTTP Request1-0",
    "sampleCount" : 1,
    "errorCount" : 0,
    "errorPct" : 0.0,
    "meanResTime" : 516.0,
    "medianResTime" : 516.0,
    "minResTime" : 516.0,
    "maxResTime" : 516.0,
    "pct1ResTime" : 516.0,
    "pct2ResTime" : 516.0,
    "pct3ResTime" : 516.0,
    "throughput" : 1.937984496124031,
    "receivedKBytesPerSec" : 1.9569101259689923,
    "sentKBytesPerSec" : 0.6037275920542635
  },
  "Total" : {
    "transaction" : "Total",
    "sampleCount" : 12,
    "errorCount" : 0,
    "errorPct" : 0.0,
    "meanResTime" : 401.1666666666667,
    "medianResTime" : 386.5,
    "minResTime" : 57.0,
    "maxResTime" : 882.0,
    "pct1ResTime" : 866.1,
    "pct2ResTime" : 882.0,
    "pct3ResTime" : 882.0,
    "throughput" : 4.962779156327543,
    "receivedKBytesPerSec" : 569.5249495967741,
    "sentKBytesPerSec" : 2.801256203473945
  },
  "HTTP Request4-1" : {
    "transaction" : "HTTP Request4-1",
    "sampleCount" : 1,
    "errorCount" : 0,
    "errorPct" : 0.0,
    "meanResTime" : 172.0,
    "medianResTime" : 172.0,
    "minResTime" : 172.0,
    "maxResTime" : 172.0,
    "pct1ResTime" : 172.0,
    "pct2ResTime" : 172.0,
    "pct3ResTime" : 172.0,
    "throughput" : 5.813953488372093,
    "receivedKBytesPerSec" : 2405.9150163517443,
    "sentKBytesPerSec" : 2.208621002906977
  },
  "HTTP Request3-1" : {
    "transaction" : "HTTP Request3-1",
    "sampleCount" : 1,
    "errorCount" : 0,
    "errorPct" : 0.0,
    "meanResTime" : 771.0,
    "medianResTime" : 771.0,
    "minResTime" : 771.0,
    "maxResTime" : 771.0,
    "pct1ResTime" : 771.0,
    "pct2ResTime" : 771.0,
    "pct3ResTime" : 771.0,
    "throughput" : 1.297016861219196,
    "receivedKBytesPerSec" : 156.8326442931258,
    "sentKBytesPerSec" : 0.6700409370946823
  },
  "HTTP Request4-0" : {
    "transaction" : "HTTP Request4-0",
    "sampleCount" : 1,
    "errorCount" : 0,
    "errorPct" : 0.0,
    "meanResTime" : 57.0,
    "medianResTime" : 57.0,
    "minResTime" : 57.0,
    "maxResTime" : 57.0,
    "pct1ResTime" : 57.0,
    "pct2ResTime" : 57.0,
    "pct3ResTime" : 57.0,
    "throughput" : 17.543859649122805,
    "receivedKBytesPerSec" : 12.780975877192981,
    "sentKBytesPerSec" : 6.424753289473684
  }
}